step,block,block_size,attention_mass
0,0,16,0.9688602955956478
0,1,16,0.01335707467577664
0,2,16,0.0064870885977991784
0,3,16,0.011246165742724561
0,4,16,4.9375388051829575e-05
0,5,16,0.0
0,6,16,0.0
1,0,16,0.9682814152607934
1,1,16,0.013477791195805262
1,2,16,0.006581411355124184
1,3,16,0.011105557883361782
1,4,16,0.0005538243049153489
1,5,16,0.0
1,6,16,0.0
2,0,16,0.9692577425374109
2,1,16,0.01296152410210773
2,2,16,0.005964932867160343
2,3,16,0.010418846408486601
2,4,16,0.0013969540848343847
2,5,16,0.0
2,6,16,0.0
3,0,16,0.9684477369100161
3,1,16,0.012113109644463509
3,2,16,0.005552966730226797
3,3,16,0.010382740561183844
3,4,16,0.003503446154109819
3,5,16,0.0
3,6,16,0.0
4,0,16,0.9637824918580719
4,1,16,0.013094505746151728
4,2,16,0.0062800437565679245
4,3,16,0.011150217104572278
4,4,16,0.005692741534636121
4,5,16,0.0
4,6,16,0.0
5,0,16,0.9628847990093015
5,1,16,0.013505638552589475
5,2,16,0.006591329704225631
5,3,16,0.011222724547793092
5,4,16,0.005795508186090228
5,5,16,0.0
5,6,16,0.0
6,0,16,0.9625373930209332
6,1,16,0.012708206263219203
6,2,16,0.0066587506197963555
6,3,16,0.011633128316052472
6,4,16,0.006462521779998818
6,5,16,0.0
6,6,16,0.0
7,0,16,0.9627345939095048
7,1,16,0.014000481164847298
7,2,16,0.006159418393574154
7,3,16,0.010969657992670051
7,4,16,0.006135848539403778
7,5,16,0.0
7,6,16,0.0
8,0,16,0.9619933856858853
8,1,16,0.013067917327573923
8,2,16,0.00631050701026965
8,3,16,0.011031043868985641
8,4,16,0.007597146107285789
8,5,16,0.0
8,6,16,0.0
9,0,16,0.9614388215110592
9,1,16,0.013578014204618773
9,2,16,0.0064447830473313705
9,3,16,0.011061173754839733
9,4,16,0.0074772074821508674
9,5,16,0.0
9,6,16,0.0
10,0,16,0.959820192218217
10,1,16,0.013704951231189077
10,2,16,0.006435112786278424
10,3,16,0.011559733938671008
10,4,16,0.008480009825644425
10,5,16,0.0
10,6,16,0.0
11,0,16,0.9623500815452256
11,1,16,0.01276543648439826
11,2,16,0.006057871579272619
11,3,16,0.011023989801652805
11,4,16,0.007802620589450917
11,5,16,0.0
11,6,16,0.0
12,0,16,0.9604004018090568
12,1,16,0.012981021298538563
12,2,16,0.006549716756762411
12,3,16,0.010888199611195814
12,4,16,0.009180660524446525
12,5,16,0.0
12,6,16,0.0
13,0,16,0.955241360558325
13,1,16,0.013418752488968871
13,2,16,0.006665719890394719
13,3,16,0.011356255602759359
13,4,16,0.013317911459551551
13,5,16,0.0
13,6,16,0.0
14,0,16,0.9566635283317966
14,1,16,0.012532989397563348
14,2,16,0.006214221010504225
14,3,16,0.011634179648309616
14,4,16,0.012955081611826198
14,5,16,0.0
14,6,16,0.0
15,0,16,0.9542468121875368
15,1,16,0.014120071395217728
15,2,16,0.0069299637913097685
15,3,16,0.011500167250077038
15,4,16,0.013202985375858779
15,5,16,0.0
15,6,16,0.0
16,0,16,0.004557395603764438
16,1,16,0.9736207886261876
16,2,16,0.007999485930726481
16,3,16,0.003295700412231868
16,4,16,0.010466587373508519
16,5,16,6.0042053580986414e-05
16,6,16,0.0
17,0,16,0.004492598386833545
17,1,16,0.9753376391823925
17,2,16,0.007263500952565359
17,3,16,0.0030939308085231555
17,4,16,0.009420053804307247
17,5,16,0.0003922768653782594
17,6,16,0.0
18,0,16,0.004513974850876795
18,1,16,0.9739193203491848
18,2,16,0.007561752548701169
18,3,16,0.00305325915464632
18,4,16,0.009754465713492793
18,5,16,0.0011972273830980638
18,6,16,0.0
19,0,16,0.004320822168337483
19,1,16,0.9740984229724704
19,2,16,0.006662332907371468
19,3,16,0.002955832753387632
19,4,16,0.010927193963325303
19,5,16,0.001035395235107805
19,6,16,0.0
20,0,16,0.0043702010996230604
20,1,16,0.9752552251663332
20,2,16,0.006714238496001635
20,3,16,0.002931391612544422
20,4,16,0.009505210728528224
20,5,16,0.0012237328969691647
20,6,16,0.0
21,0,16,0.004878413953929404
21,1,16,0.9716147107811501
21,2,16,0.007800177094611446
21,3,16,0.0034219492378363687
21,4,16,0.010636357821982328
21,5,16,0.0016483911104902378
21,6,16,0.0
22,0,16,0.004566798180976155
22,1,16,0.9727802621394684
22,2,16,0.007482261192109885
22,3,16,0.0029369983125231243
22,4,16,0.010706501991966015
22,5,16,0.0015271781829562657
22,6,16,0.0
23,0,16,0.004383815784368562
23,1,16,0.972901764367306
23,2,16,0.007236057803412408
23,3,16,0.003281185192406605
23,4,16,0.01050208191364999
23,5,16,0.0016950949388564456
23,6,16,0.0
24,0,16,0.00445500986994169
24,1,16,0.9729534276489266
24,2,16,0.0078572815591653
24,3,16,0.0032331462134440343
24,4,16,0.009550943958172166
24,5,16,0.0019501907503503655
24,6,16,0.0
25,0,16,0.004293322131724229
25,1,16,0.9753233701997244
25,2,16,0.006248362640283328
25,3,16,0.002650583586434184
25,4,16,0.009531593644188385
25,5,16,0.0019527677976454137
25,6,16,0.0
26,0,16,0.004701935604668037
26,1,16,0.9719945234041697
26,2,16,0.006955486347846046
26,3,16,0.003361359367172346
26,4,16,0.010667087132533525
26,5,16,0.0023196081436099745
26,6,16,0.0
27,0,16,0.003939401807569593
27,1,16,0.9756495221390071
27,2,16,0.005943245856416276
27,3,16,0.003127505582795779
27,4,16,0.00927363550361025
27,5,16,0.002066689110600938
27,6,16,0.0
28,0,16,0.00448458407774101
28,1,16,0.9724549154903988
28,2,16,0.006652057990828247
28,3,16,0.0030775882392585826
28,4,16,0.010953736992545779
28,5,16,0.002377117209227423
28,6,16,0.0
29,0,16,0.004589929119468825
29,1,16,0.9721114246800945
29,2,16,0.007635813818997512
29,3,16,0.003571402335386463
29,4,16,0.009440710302657678
29,5,16,0.0026507197433950774
29,6,16,0.0
30,0,16,0.00494273005333605
30,1,16,0.9693125671528938
30,2,16,0.007847329627247324
30,3,16,0.0035418039741778786
30,4,16,0.011313887432167205
30,5,16,0.003041681760177682
30,6,16,0.0
31,0,16,0.004282698185257671
31,1,16,0.97345669292828
31,2,16,0.007120760348405222
31,3,16,0.002999910116146201
31,4,16,0.009257980870959973
31,5,16,0.0028819575509507036
31,6,16,0.0
32,0,16,0.009094700182005085
32,1,16,0.004161201115026885
32,2,16,0.9486976237715895
32,3,16,0.015374604261761087
32,4,16,0.006387526393206874
32,5,16,0.01627061719636779
32,6,16,1.3727080042846553e-05
33,0,16,0.009445336384839279
33,1,16,0.0040264092131312
33,2,16,0.9480577009332614
33,3,16,0.014427098659857359
33,4,16,0.006866477990241525
33,5,16,0.016824870651261634
33,6,16,0.0003521061674076765
34,0,16,0.007482783247689478
34,1,16,0.003526439015294526
34,2,16,0.9552433259682045
34,3,16,0.012128092422174046
34,4,16,0.005290453359806895
34,5,16,0.016057959447820083
34,6,16,0.0002709465390104084
35,0,16,0.009416640793192982
35,1,16,0.003946780414660294
35,2,16,0.9463965943762394
35,3,16,0.01468969307639024
35,4,16,0.006619823945094482
35,5,16,0.01751805577064904
35,6,16,0.0014124116237734558
36,0,16,0.009570365891345401
36,1,16,0.005033122132197985
36,2,16,0.9441040114864456
36,3,16,0.016818698336313578
36,4,16,0.006727258304968119
36,5,16,0.015792640018614544
36,6,16,0.0019539038301146848
37,0,16,0.007599240769926252
37,1,16,0.003591717649549038
37,2,16,0.9520488827834506
37,3,16,0.012271644822254422
37,4,16,0.005201822354216175
37,5,16,0.017166223913094355
37,6,16,0.002120467707509192
38,0,16,0.0082718792673048
38,1,16,0.003745061250421258
38,2,16,0.9494342780683732
38,3,16,0.013569837241356925
38,4,16,0.005619584438193352
38,5,16,0.01636607418790035
38,6,16,0.0029932855464501525
39,0,16,0.008804227757973676
39,1,16,0.004107349788393139
39,2,16,0.9436501277525453
39,3,16,0.014289060475332273
39,4,16,0.006535697332402481
39,5,16,0.017282634603330484
39,6,16,0.00533090229002296
40,0,16,0.007989819999810147
40,1,16,0.0038985493007821937
40,2,16,0.9475011124051074
40,3,16,0.014263933221590922
40,4,16,0.0054923446933204225
40,5,16,0.016048103416495912
40,6,16,0.004806136962893114
41,0,16,0.008157960709889838
41,1,16,0.0038005225384284223
41,2,16,0.9456023203705178
41,3,16,0.013499231578807738
41,4,16,0.005572485584198356
41,5,16,0.018095398471183764
41,6,16,0.00527208074697388
42,0,16,0.008463845805336226
42,1,16,0.004141296419906439
42,2,16,0.9452454165440852
42,3,16,0.014475748464445768
42,4,16,0.005545458349174762
42,5,16,0.016850088935561284
42,6,16,0.00527814548149042
43,0,16,0.007931322325448818
43,1,16,0.0037917778837516084
43,2,16,0.945751121715753
43,3,16,0.014919478692498794
43,4,16,0.006030909842211312
43,5,16,0.015912150474901823
43,6,16,0.005663239065434939
44,0,16,0.007833467206337215
44,1,16,0.0037829633605975434
44,2,16,0.9421171956293031
44,3,16,0.014542609639517957
44,4,16,0.005635301574911398
44,5,16,0.017360219162754757
44,6,16,0.00872824342657828
45,0,16,0.008955047295010756
45,1,16,0.004330959732134657
45,2,16,0.9371579477297853
45,3,16,0.015548188922003544
45,4,16,0.006550429734749777
45,5,16,0.017706412108472798
45,6,16,0.009751014477843184
46,0,16,0.008596004056090572
46,1,16,0.0037896091296301827
46,2,16,0.9433177621226361
46,3,16,0.013752013364036158
46,4,16,0.006065407284324348
46,5,16,0.01588030643733051
46,6,16,0.008598897605952022
47,0,16,0.007855338878187292
47,1,16,0.003415226696195838
47,2,16,0.94442672072645
47,3,16,0.013193221952724075
47,4,16,0.006014616858189161
47,5,16,0.016780133214638407
47,6,16,0.008314741673615364
