step,bits,policy,protected_tokens,key_mse,value_mse,relative_output_error
0,2,recent,8,0.143592776146403,0.13281675466006457,0.3024711828803476
0,2,cumulative,8,0.143592776146403,0.13281675466006457,0.3024711828803476
0,2,window,8,0.143592776146403,0.13281675466006457,0.3024711828803476
0,2,ema,8,0.143592776146403,0.13281675466006457,0.3024711828803476
0,2,random,16,0.10843706204284448,0.09465067653826403,0.009243368742784083
0,2,ema_outliers,8,0.07668446433873706,0.05616208362568821,0.2637959072854856
0,4,recent,8,0.005159091183793433,0.004913325518234698,0.06081347263737014
0,4,cumulative,8,0.005159091183793433,0.004913325518234698,0.06081347263737014
0,4,window,8,0.005159091183793433,0.004913325518234698,0.06081347263737014
0,4,ema,8,0.005159091183793433,0.004913325518234698,0.06081347263737014
0,4,random,16,0.004042600118505759,0.0035702860977578073,0.0011821259214251764
0,4,ema_outliers,8,0.003152535376017327,0.002311942481846788,0.05138292373431139
1,2,recent,8,0.1433873001860392,0.13316527871200481,0.30252744675916426
1,2,cumulative,16,0.11582347495054862,0.11888498332186989,0.005290954675142976
1,2,window,16,0.11582347495054862,0.11888498332186989,0.005290954675142976
1,2,ema,16,0.11582347495054862,0.11888498332186989,0.005290954675142976
1,2,random,16,0.11369872411575303,0.10941046915432515,0.30256095014334633
1,2,ema_outliers,16,0.06148523445880783,0.04824154221450831,0.001871713881728325
1,4,recent,8,0.00516340814105956,0.004922851376864276,0.06081320490872978
1,4,cumulative,16,0.004210498739680109,0.004422962233268453,0.0005732695042776406
1,4,window,16,0.004210498739680109,0.004422962233268453,0.0005732695042776406
1,4,ema,16,0.004210498739680109,0.004422962233268453,0.0005732695042776406
1,4,random,16,0.0041362873057077315,0.00399376119610078,0.060913007098164544
1,4,ema_outliers,16,0.002522932291589937,0.002012679983684598,0.00027527480045357614
2,2,recent,8,0.14356016553034387,0.1333073346063085,0.30242543646543174
2,2,cumulative,16,0.11837139901766558,0.11977528190251915,0.0054941240644696175
2,2,window,16,0.11837139901766558,0.11977528190251915,0.0054941240644696175
2,2,ema,16,0.11653270298256937,0.11924017795333976,0.004856650871280691
2,2,random,16,0.1088192763197637,0.11817893234034875,0.3019619803067082
2,2,ema_outliers,16,0.061881904179311484,0.048594806319072606,0.0018262772953724327
2,4,recent,8,0.005186805192171765,0.004952528057160455,0.06078559271829415
2,4,cumulative,16,0.004292870689983164,0.004499370814896317,0.0008418570103559338
2,4,window,16,0.004292870689983164,0.004499370814896317,0.0008418570103559338
2,4,ema,16,0.004237388667660948,0.0044600999455586,0.0005650568918476005
2,4,random,16,0.0039707237398599144,0.004366592411278433,0.06062857177956118
2,4,ema_outliers,16,0.002539236626452327,0.002018051116160607,0.0002713673725715232
3,2,recent,8,0.14439344274007265,0.13297502489768784,0.3030578230898472
3,2,cumulative,16,0.11861287651198707,0.11964197296895425,0.005164323950475534
3,2,window,16,0.11861287651198707,0.11964197296895425,0.005164323950475534
3,2,ema,16,0.11861287651198707,0.11964197296895425,0.005164323950475534
3,2,random,16,0.11237453070551554,0.11977832521917416,0.302227618987782
3,2,ema_outliers,16,0.06398028118085664,0.04919889176521154,0.001931880389623773
3,4,recent,8,0.005195730437575078,0.004942654258311934,0.06075488607428799
3,4,cumulative,16,0.004301834098976894,0.004496161093139915,0.0007218056955023444
3,4,window,16,0.004301834098976894,0.004496161093139915,0.0007218056955023444
3,4,ema,16,0.004301834098976894,0.004496161093139915,0.0007218056955023444
3,4,random,16,0.004132431604363972,0.0043903334991117,0.0607597427163945
3,4,ema_outliers,16,0.0025373330335993105,0.0020474064791676013,0.0002946476704820454
4,2,recent,8,0.14588288262373703,0.1323319807066355,0.30337644662707175
4,2,cumulative,16,0.11980197171932767,0.1191921614145502,0.0050112924669816926
4,2,window,16,0.11980197171932767,0.1191921614145502,0.0050112924669816926
4,2,ema,16,0.11980197171932767,0.1191921614145502,0.0050112924669816926
4,2,random,16,0.11959342633000677,0.11394387102608954,0.3055852658547619
4,2,ema_outliers,16,0.0655971674807806,0.04932017272583781,0.002359055413364962
4,4,recent,8,0.005230845512059506,0.004934465559030053,0.060806361252598876
4,4,cumulative,16,0.004351546804448191,0.004494443309295311,0.0007946736146609003
4,4,window,16,0.004351546804448191,0.004494443309295311,0.0007946736146609003
4,4,ema,16,0.004351546804448191,0.004494443309295311,0.0007946736146609003
4,4,random,16,0.004225844995427308,0.004274170254817416,0.060745575557867346
4,4,ema_outliers,16,0.0025922485462439968,0.002048734577953211,0.0004274305329596299
5,2,recent,8,0.14666015160906,0.13193003842801224,0.30326347117912494
5,2,cumulative,16,0.12046157262091509,0.11897793084009958,0.004740681449608523
5,2,window,16,0.12046157262091509,0.11897793084009958,0.004740681449608523
5,2,ema,16,0.12046157262091509,0.11897793084009958,0.004740681449608523
5,2,random,16,0.11778494748611339,0.11957586233412465,0.3037803587820905
5,2,ema_outliers,16,0.06655315470462721,0.04982074384335883,0.002525157099539771
5,4,recent,8,0.005249848615341805,0.004918981520210126,0.06083664808423838
5,4,cumulative,16,0.004362291654409571,0.004485245302614451,0.0007014620281559434
5,4,window,16,0.004362291654409571,0.004485245302614451,0.0007014620281559434
5,4,ema,16,0.004362291654409571,0.004485245302614451,0.0007014620281559434
5,4,random,16,0.004216652242151181,0.004428395709191679,0.060428942571841976
5,4,ema_outliers,16,0.002618611523117405,0.0020682154445649456,0.00042708033343780643
6,2,recent,8,0.14681653918246346,0.13144133149366943,0.30310184770030213
6,2,cumulative,16,0.12072900193627735,0.11867164795629077,0.004951205435524886
6,2,window,16,0.12072900193627735,0.11867164795629077,0.004951205435524886
6,2,ema,16,0.12099900126844884,0.11826507611484746,0.005760136690087729
6,2,random,16,0.11959832514353838,0.11973083660296924,0.30273617859462676
6,2,ema_outliers,16,0.06669709378968001,0.04975063384599366,0.0023809002435033625
6,4,recent,8,0.005268023212875059,0.004900140364791715,0.060758564999311745
6,4,cumulative,16,0.004382864279412654,0.004472513108007247,0.0007644036742150063
6,4,window,16,0.004382864279412654,0.004472513108007247,0.0007644036742150063
6,4,ema,16,0.004403449517330215,0.004460349391969729,0.0008256281595375668
6,4,random,16,0.00433940311500252,0.004433471309237739,0.06071863732902644
6,4,ema_outliers,16,0.002633680335933618,0.0020544407694084586,0.0003629385571712115
7,2,recent,8,0.14889444246928052,0.1319515123379162,0.30282329903591165
7,2,cumulative,16,0.12204506063491206,0.1180696725744052,0.004421261862922694
7,2,window,16,0.12204506063491206,0.1180696725744052,0.004421261862922694
7,2,ema,16,0.12204506063491206,0.1180696725744052,0.004421261862922694
7,2,random,16,0.11780093001674603,0.11066334574136463,0.30247891648050756
7,2,ema_outliers,16,0.06764113119225519,0.05023132158358138,0.0023423386788717655
7,4,recent,8,0.005381050809058624,0.004943085185510596,0.06074549868400585
7,4,cumulative,16,0.004428929845328831,0.004451880412103972,0.0007787969733322118
7,4,window,16,0.004428929845328831,0.004451880412103972,0.0007787969733322118
7,4,ema,16,0.004428929845328831,0.004451880412103972,0.0007787969733322118
7,4,random,16,0.004314541731444694,0.004124159058460421,0.06093536633642137
7,4,ema_outliers,16,0.0026559943732037453,0.002073301248177433,0.00037590500942552915
8,2,recent,8,0.14685479257244108,0.13137210302754962,0.3036688118636497
8,2,cumulative,16,0.12037321048922833,0.1176804254525799,0.004727278147195773
8,2,window,16,0.12037321048922833,0.1176804254525799,0.004727278147195773
8,2,ema,16,0.12037321048922833,0.1176804254525799,0.004727278147195773
8,2,random,16,0.11869839449465276,0.1126161074443992,0.30590534285549903
8,2,ema_outliers,16,0.06671454035400512,0.050544983835088736,0.0024308939595633584
8,4,recent,8,0.005307337784276999,0.004926156004770008,0.060731536754327776
8,4,cumulative,16,0.004368259573475012,0.004441680063875803,0.0007523577138641623
8,4,window,16,0.004368259573475012,0.004441680063875803,0.0007523577138641623
8,4,ema,16,0.004368259573475012,0.004441680063875803,0.0007523577138641623
8,4,random,16,0.004290767890562771,0.004270096277354749,0.060750470220395286
8,4,ema_outliers,16,0.0026196108886393102,0.0020867552485157475,0.00041158836666059094
9,2,recent,8,0.14487026834848918,0.13138403886690125,0.3032164562887823
9,2,cumulative,16,0.11874654548261714,0.11787738396186354,0.004913477026238215
9,2,window,16,0.11874654548261714,0.11787738396186354,0.004913477026238215
9,2,ema,16,0.11874654548261714,0.11787738396186354,0.004913477026238215
9,2,random,16,0.11686074136338812,0.10903554057138012,0.30655984645359313
9,2,ema_outliers,16,0.06581299251138344,0.05057018968291674,0.002560610579706078
9,4,recent,8,0.005235617003408391,0.004914000017484656,0.06084164611093807
9,4,cumulative,16,0.004309229038698323,0.004436071048764696,0.0007387044169315129
9,4,window,16,0.004309229038698323,0.004436071048764696,0.0007387044169315129
9,4,ema,16,0.004309229038698323,0.004436071048764696,0.0007387044169315129
9,4,random,16,0.004196384309047668,0.004199836270298526,0.06112245723460213
9,4,ema_outliers,16,0.002584210741495536,0.0020874786569293697,0.00038846823093619334
10,2,recent,8,0.14367488887203408,0.14778530486213015,0.30379472458014417
10,2,cumulative,16,0.11789948231104032,0.1344587386891596,0.005000096216283773
10,2,window,16,0.11789948231104032,0.1344587386891596,0.005000096216283773
10,2,ema,16,0.11789948231104032,0.1344587386891596,0.005000096216283773
10,2,random,16,0.11461634033709359,0.13461839762569972,0.0072554450254044955
10,2,ema_outliers,16,0.06493548594456498,0.05088825625829776,0.0024636123141589528
10,4,recent,8,0.005204537383182064,0.005606035263905138,0.06082370670177044
10,4,cumulative,16,0.0042905012580014635,0.005134478681434778,0.0007262113738491221
10,4,window,16,0.0042905012580014635,0.005134478681434778,0.0007262113738491221
10,4,ema,16,0.0042905012580014635,0.005134478681434778,0.0007262113738491221
10,4,random,16,0.004266186675388311,0.005088795372176606,0.0009041637560833834
10,4,ema_outliers,16,0.0025497545982755953,0.0020934099576102832,0.00040672116495985965
11,2,recent,8,0.14323737912761278,0.14726932905120405,0.3035778711301371
11,2,cumulative,16,0.11889951950549038,0.13404398926312025,0.00338477819702683
11,2,window,16,0.11889951950549038,0.13404398926312025,0.00338477819702683
11,2,ema,16,0.11889951950549038,0.13404398926312025,0.00338477819702683
11,2,random,16,0.11994406656394994,0.13593186083906006,0.30354111609005613
11,2,ema_outliers,16,0.06600968744558357,0.051019157445334494,0.0032064630812654567
11,4,recent,8,0.005179147393528101,0.00559237134979871,0.060790666723012976
11,4,cumulative,16,0.004334498167879409,0.005105615940990327,0.0009293531861372568
11,4,window,16,0.004334498167879409,0.005105615940990327,0.0009293531861372568
11,4,ema,16,0.004334498167879409,0.005105615940990327,0.0009293531861372568
11,4,random,16,0.004315553347990756,0.005184719733945386,0.06045243072366341
11,4,ema_outliers,16,0.002606134744654234,0.0020980919589735996,0.0003760480580512009
12,2,recent,8,0.14525962465763773,0.14684018676787594,0.303722501805987
12,2,cumulative,16,0.1203649144441288,0.13378660463937772,0.003800218675549036
12,2,window,16,0.12190627148271853,0.13400175895302333,0.004429379691805
12,2,ema,16,0.12190627148271853,0.13400175895302333,0.004429379691805
12,2,random,16,0.11951482423041214,0.13450713915132187,0.30432494974332586
12,2,ema_outliers,16,0.06725618537427096,0.051453854010696784,0.0036269520376078484
12,4,recent,8,0.005236197501080691,0.005589178436274039,0.0606854379189762
12,4,cumulative,16,0.0043539186708684155,0.0051087445262813485,0.0010387492268706389
12,4,window,16,0.004398072138696034,0.00508888530369076,0.0008673618636424589
12,4,ema,16,0.004398072138696034,0.00508888530369076,0.0008673618636424589
12,4,random,16,0.004219741627673722,0.005102940210147117,0.06049797212430237
12,4,ema_outliers,16,0.0026900401659037537,0.0021095810305269006,0.00043920839862334013
13,2,recent,8,0.1444724591614746,0.14624533994025077,0.30363982096803094
13,2,cumulative,16,0.12005751700926129,0.13335911142878457,0.0036055540757547835
13,2,window,16,0.1219587936773542,0.13357150735379367,0.004533834692268917
13,2,ema,16,0.1219587936773542,0.13357150735379367,0.004533834692268917
13,2,random,16,0.1178735266802688,0.13552204264534845,0.30458739297759563
13,2,ema_outliers,16,0.06662317044371185,0.05140830614748676,0.0039403298994643374
13,4,recent,8,0.005268794437450338,0.005569868231679484,0.06066112659254432
13,4,cumulative,16,0.004395016313794899,0.005095593730789265,0.0010136988326102726
13,4,window,16,0.004382270580201793,0.005075989113616504,0.0009164136795863834
13,4,ema,16,0.004382270580201793,0.005075989113616504,0.0009164136795863834
13,4,random,16,0.004424296548013486,0.0051824307558605565,0.06138323254691091
13,4,ema_outliers,16,0.002662884264897253,0.002116827753181926,0.0004791319123556452
14,2,recent,8,0.1466056927290608,0.14553088771461908,0.30374492769684963
14,2,cumulative,16,0.12200572834885028,0.13349067448867136,0.003999788213390099
14,2,window,16,0.12288666289579592,0.13301748338875008,0.004577762403289179
14,2,ema,16,0.12200572834885028,0.13349067448867136,0.003999788213390099
14,2,random,16,0.1236412840330676,0.13564628589125083,0.3048532028257832
14,2,ema_outliers,16,0.06634885875401338,0.051259520133079405,0.00418860668019766
14,4,recent,8,0.005361551549723718,0.005545475083031558,0.06082980210278567
14,4,cumulative,16,0.0045813464771697265,0.005110693303015293,0.0010130337916082616
14,4,window,16,0.004532272834667137,0.005057847599374439,0.0010245112535055688
14,4,ema,16,0.0045813464771697265,0.005110693303015293,0.0010130337916082616
14,4,random,16,0.004543284470373302,0.005126607590560665,0.060827286691888874
14,4,ema_outliers,16,0.002623952792681197,0.0021185880258734594,0.00043661336912930295
15,2,recent,8,0.1480000040382698,0.14498577198974555,0.30398158815896364
15,2,cumulative,16,0.12356094219609197,0.13309606142912217,0.003922941370366164
15,2,window,16,0.1244308650612008,0.1326287852179499,0.004649978420745272
15,2,ema,16,0.12356094219609197,0.13309606142912217,0.003922941370366164
15,2,random,16,0.11260478628469528,0.12014897631984407,0.30355108545008336
15,2,ema_outliers,16,0.06682137875539511,0.05150642052991981,0.0045709580448193765
15,4,recent,8,0.005410304273256932,0.005537363741040452,0.060726077329725604
15,4,cumulative,16,0.004624510501236563,0.00510801673327439,0.0009074297415945691
15,4,window,16,0.004576050279265257,0.0050558316009290455,0.000914869747623439
15,4,ema,16,0.004624510501236563,0.00510801673327439,0.0009074297415945691
15,4,random,16,0.004405990316726782,0.004644546884983271,0.060624499766744964
15,4,ema_outliers,16,0.0026343348516476533,0.0021308869949965086,0.00043109160754608547
16,2,recent,8,0.14999558411403513,0.14454447353297256,0.31883446984403785
16,2,cumulative,16,0.125540939241355,0.1328015495224803,0.3194432561250192
16,2,window,16,0.12636166416591868,0.13306761937920283,0.3195448244819419
16,2,ema,16,0.12636166416591868,0.13306761937920283,0.3195448244819419
16,2,random,16,0.12792645624055643,0.12610019323086255,0.3188246092824677
16,2,ema_outliers,16,0.06799630035044596,0.051913635004590314,0.2623833597257257
16,4,recent,8,0.0055195288200933414,0.005525239648623022,0.0725397112494582
16,4,cumulative,16,0.004718030285422825,0.005101193221199751,0.07261123103599429
16,4,window,16,0.00468136461752697,0.005092082660874998,0.07257871277862958
16,4,ema,16,0.00468136461752697,0.005092082660874998,0.07257871277862958
16,4,random,16,0.0047130268109749724,0.004800490979977802,0.07252812433652979
16,4,ema_outliers,16,0.002713748645835549,0.002141403828003685,0.051926734052680924
17,2,recent,8,0.15111002956987377,0.14441565754964988,0.31879966742176763
17,2,cumulative,16,0.12543525387229562,0.13304549529495566,0.005087406594023605
17,2,window,16,0.1247851720179355,0.13246822623595345,0.006588207264338114
17,2,ema,16,0.1246499289240816,0.1328479667659441,0.003379392903735478
17,2,random,16,0.11579322492636591,0.13249115377179382,0.31935667222439273
17,2,ema_outliers,16,0.06704674188201497,0.05228066608499019,0.0018620201931367226
17,4,recent,8,0.0056585831626535694,0.0055174774534684735,0.07250741955728351
17,4,cumulative,16,0.0048328373030813365,0.005103723920376987,0.00047286493687912433
17,4,window,16,0.004789777258410873,0.0050324593473555545,0.0004422894022890241
17,4,ema,16,0.004822659771030541,0.005065337384337341,0.00042567949718223314
17,4,random,16,0.004502828593310536,0.005059814360729902,0.07259586833916594
17,4,ema_outliers,16,0.0027231321833979757,0.00216576242146016,0.000547010012726614
18,2,recent,8,0.1526437121422089,0.1444686404533621,0.3187521587896506
18,2,cumulative,16,0.12734357177118802,0.13323546810535092,0.004711200808673595
18,2,window,16,0.12639906673296059,0.13304031943813469,0.003292822485777086
18,2,ema,16,0.12639906673296059,0.13304031943813469,0.003292822485777086
18,2,random,16,0.11755982300532461,0.13197073850548144,0.31773440716482687
18,2,ema_outliers,16,0.06747460593680378,0.05242005196000529,0.00415905598618823
18,4,recent,8,0.005751294915947683,0.005513942863181229,0.07252290543447315
18,4,cumulative,16,0.004934618654608548,0.005105174312416145,0.0005029669085182149
18,4,window,16,0.00492482134665892,0.005067250264762519,0.0005875200628422796
18,4,ema,16,0.00492482134665892,0.005067250264762519,0.0005875200628422796
18,4,random,16,0.004679181902815181,0.005048995513990306,0.07274570361476397
18,4,ema_outliers,16,0.0027507156676356555,0.002180232802392184,0.000690466856747164
19,2,recent,8,0.15352990952275083,0.14376202962673254,0.3179638971764766
19,2,cumulative,16,0.1293501401154833,0.13221756055793837,0.010948859284381397
19,2,window,16,0.12718686878454097,0.13217547035447785,0.0032576860357765142
19,2,ema,16,0.12718686878454097,0.13217547035447785,0.0032576860357765142
19,2,random,16,0.1266750643166541,0.13335698368148757,0.31809826900617055
19,2,ema_outliers,16,0.07006755659523366,0.0526822028295064,0.001709278721656458
19,4,recent,8,0.005826498133441225,0.005485112647558678,0.07254372431664292
19,4,cumulative,16,0.004965940357827932,0.005031510263021423,0.0006379481118498246
19,4,window,16,0.004836204483799475,0.00504693870996953,0.0004097574790315987
19,4,ema,16,0.004836204483799475,0.00504693870996953,0.0004097574790315987
19,4,random,16,0.0049559080845671686,0.005075939979779808,0.07275605898575689
19,4,ema_outliers,16,0.002809142749259293,0.0021652934388242773,0.0006172006235210698
20,2,recent,8,0.15571062825848747,0.14303703994137856,0.31750415496379997
20,2,cumulative,16,0.13178695560660705,0.13162838815574665,0.011191601371878327
20,2,window,16,0.12954622020162548,0.13158679313115038,0.0035418185942516435
20,2,ema,16,0.12954622020162548,0.13158679313115038,0.0035418185942516435
20,2,random,16,0.1263303643505003,0.12710360478045454,0.31777288450683766
20,2,ema_outliers,16,0.07197578667646663,0.052982788076482955,0.0015760141265127316
20,4,recent,8,0.005866100072059404,0.005469262957357918,0.07250225258172396
20,4,cumulative,16,0.005022584419717581,0.005020997071462277,0.0004115957690246625
20,4,window,16,0.0048874063783907315,0.005036244007269817,0.00039451350338606854
20,4,ema,16,0.0048874063783907315,0.005036244007269817,0.00039451350338606854
20,4,random,16,0.004807454452896721,0.004899862529876309,0.07248903033969091
20,4,ema_outliers,16,0.002856213887000091,0.0021767654648260828,0.0005710756681391474
21,2,recent,8,0.15837665905100098,0.1434805329215623,0.31848745669014483
21,2,cumulative,16,0.1318662079949446,0.13182356055751152,0.006099987905589566
21,2,window,16,0.13163157595144204,0.1313191692951108,0.0040436578092930475
21,2,ema,16,0.13163157595144204,0.1313191692951108,0.0040436578092930475
21,2,random,16,0.12209559080980799,0.127373463743517,0.31875951695372895
21,2,ema_outliers,16,0.07289312454127411,0.05328323598057513,0.0020042973529053993
21,4,recent,8,0.005954291090375658,0.005484767168052172,0.07262912311576193
21,4,cumulative,16,0.005043796435431579,0.005022893492274206,0.0006315454875275043
21,4,window,16,0.0049564741616373266,0.005030794400113385,0.0004655576168143764
21,4,ema,16,0.0049564741616373266,0.005030794400113385,0.0004655576168143764
21,4,random,16,0.004538661045131365,0.004930546168764726,0.07262740923664784
21,4,ema_outliers,16,0.0029029020340946804,0.002186961834705842,0.0006214648593283126
22,2,recent,8,0.15938230487187544,0.14341843054253972,0.31813811191329067
22,2,cumulative,16,0.1330765937795308,0.13189544636658146,0.006871873488391242
22,2,window,16,0.13287811885834472,0.13198356469489833,0.0035996871224529816
22,2,ema,16,0.13330199484955266,0.131396852704898,0.0036064894989135134
22,2,random,16,0.1299992546374462,0.12887216746168048,0.31861298618884104
22,2,ema_outliers,16,0.075151828388043,0.05345847667272722,0.0019524467665217508
22,4,recent,8,0.005999630299176168,0.005484639957798455,0.07253226783157929
22,4,cumulative,16,0.005091407151097561,0.005028075174845523,0.000533726442415474
22,4,window,16,0.004934074978722293,0.0050557576028544245,0.00046283298211193696
22,4,ema,16,0.005018977785669395,0.0050358852676520675,0.000485782463541431
22,4,random,16,0.005127847179636922,0.0050010968309774344,0.07260854555323171
22,4,ema_outliers,16,0.0029980645467355656,0.0022022643344315434,0.000598398556741487
23,2,recent,8,0.16174100040669243,0.1434065217517184,0.3182364089202934
23,2,cumulative,16,0.13537780114830433,0.1329583558193842,0.003860217640765245
23,2,window,16,0.1354780903995526,0.13210159756143655,0.0035310956123371343
23,2,ema,16,0.1354780903995526,0.13210159756143655,0.0035310956123371343
23,2,random,16,0.1382223361996119,0.13474784778313323,0.3185383449816498
23,2,ema_outliers,16,0.07569519506921613,0.053640324327725475,0.0021075293646776318
23,4,recent,8,0.006061766787313647,0.0054938852776549255,0.07255296030207635
23,4,cumulative,16,0.005165466369703202,0.005098190125254461,0.0007502233754537467
23,4,window,16,0.005014482543063429,0.00506987658583526,0.0004425212807423936
23,4,ema,16,0.005014482543063429,0.00506987658583526,0.0004425212807423936
23,4,random,16,0.005184634327436078,0.005142247287367205,0.07274826568504511
23,4,ema_outliers,16,0.0029482507418891147,0.002216809619479729,0.0005547946292469287
24,2,recent,8,0.15992368579538127,0.14317186293062262,0.31820338750612026
24,2,cumulative,16,0.1338567022589975,0.13284109212112366,0.00413731160323102
24,2,window,16,0.13515397011892,0.1334228451076037,0.004754918136504159
24,2,ema,16,0.1339558646647262,0.13199396036045632,0.003717356411504577
24,2,random,16,0.13347259383555127,0.1293384880387176,0.3199409397346592
24,2,ema_outliers,16,0.07484468725944965,0.05389983408674711,0.002367854565490313
24,4,recent,8,0.005993657048130348,0.005482201255645235,0.07259262878351463
24,4,cumulative,16,0.005107427421729008,0.00509095211619309,0.0007343588553743534
24,4,window,16,0.0050099507954001025,0.0051206852708918175,0.0005673181111103326
24,4,ema,16,0.004958140042579571,0.0050629567064302845,0.00047099994605156797
24,4,random,16,0.004979307611160682,0.004998279894765695,0.07244100739849695
24,4,ema_outliers,16,0.0029151243290589006,0.0022303213338445128,0.0006394252145625072
25,2,recent,8,0.15814675595321037,0.14288815729429902,0.3178668328124897
25,2,cumulative,16,0.13183293738347682,0.13207403530686132,0.0032257013075889128
25,2,window,16,0.1336522593398209,0.13324746189153586,0.004106782394499756
25,2,ema,16,0.13246746616845143,0.131834453641579,0.003085325901727045
25,2,random,16,0.13058462888059066,0.1263544046468449,0.31862383216378587
25,2,ema_outliers,16,0.07401307962323354,0.054120738657498564,0.0018772373630269537
25,4,recent,8,0.005927060858706677,0.0054786084324270614,0.07248554692611764
25,4,cumulative,16,0.004971964045555525,0.00506964609067719,0.00044649565972328375
25,4,window,16,0.004954284675451212,0.005121109291948683,0.0005583262683150072
25,4,ema,16,0.00490304959766202,0.005064022155981166,0.0004826885391640444
25,4,random,16,0.0049783445543229105,0.004822939798558966,0.07250452353387977
25,4,ema_outliers,16,0.002882734058736024,0.0022420365976921807,0.0005071978404210657
26,2,recent,8,0.15727225154850477,0.1421335594024284,0.3183999515696572
26,2,cumulative,16,0.13124759582019682,0.13143827392034715,0.0038582853722307583
26,2,window,16,0.1330469252275701,0.13259880570738788,0.004763291720915348
26,2,ema,16,0.13187515176138054,0.1312013250206174,0.0037495068698610405
26,2,random,16,0.13209074855514863,0.13403079306928328,0.3188478431321177
26,2,ema_outliers,16,0.07319974907792329,0.05417350920478858,0.0021526606766046306
26,4,recent,8,0.005891069389513944,0.005464012074428031,0.07255680980688022
26,4,cumulative,16,0.00494646814573808,0.005059543824345741,0.000535334806990212
26,4,window,16,0.004928983054426122,0.005110441495932931,0.0006318571856735906
26,4,ema,16,0.004878310999469778,0.005053981691129893,0.0005062500056063582
26,4,random,16,0.004790786143443181,0.005112559502129101,0.07241095807523906
26,4,ema_outliers,16,0.0028510556624861774,0.0022400398674295996,0.0006842401402522264
27,2,recent,8,0.15664056945546714,0.14185323591334992,0.31820735392664484
27,2,cumulative,16,0.1308987904198582,0.13127420353433478,0.003236830520083399
27,2,window,16,0.13267856189889046,0.13242212084542943,0.004231063596377527
27,2,ema,16,0.13257287492010691,0.13212358500911545,0.0035641644715267017
27,2,random,16,0.12636792599403374,0.1200543037982639,0.31815667429235217
27,2,ema_outliers,16,0.07257604002943803,0.054167367218233176,0.0016416224063441258
27,4,recent,8,0.005857293518284768,0.005464417557560976,0.07253156501861542
27,4,cumulative,16,0.004922959679332554,0.0050643457015013185,0.00047067137098822086
27,4,window,16,0.004905664643360943,0.005114690137527779,0.0005867489121218208
27,4,ema,16,0.004897453463260109,0.005098532642124499,0.0005981562997260029
27,4,random,16,0.004863227374608398,0.004682579400338979,0.072676520165144
27,4,ema_outliers,16,0.0027298084420606795,0.002252433925529609,0.0006534967557728407
28,2,recent,8,0.1560480416876312,0.14128513040720117,0.31802765257959636
28,2,cumulative,16,0.13058305597498582,0.13081985106451954,0.0037071632062190005
28,2,window,16,0.13234369012628652,0.1319554251787207,0.004666888146026547
28,2,ema,16,0.1322391395666297,0.13166009940516277,0.0040213116134547415
28,2,random,16,0.1344953241136052,0.1323632140348098,0.31920720819440007
28,2,ema_outliers,16,0.07229272082464534,0.05447609897651789,0.0016441606356048146
28,4,recent,8,0.005829105825766336,0.005452637851617975,0.07253302618357828
28,4,cumulative,16,0.004904818587232963,0.005056867843472938,0.0005125815235628009
28,4,window,16,0.004887709519390079,0.0051066709414776075,0.0006256170711857928
28,4,ema,16,0.0048795866315483934,0.00509068718258404,0.0006454193144792564
28,4,random,16,0.0048882206453278254,0.005097614642667613,0.07250470391209929
28,4,ema_outliers,16,0.002718708583146347,0.002258076490275215,0.0006545098396229145
29,2,recent,8,0.1557476227234013,0.14070210282797674,0.3182014381142627
29,2,cumulative,16,0.13055354111408196,0.1303481562442598,0.0033542487785559335
29,2,window,16,0.13229544511483693,0.13147164978277795,0.004358530339365215
29,2,ema,16,0.13219200679517645,0.13117946577276854,0.0036767472745976764
29,2,random,16,0.1210895502768154,0.1308083394212393,0.3189190834705778
29,2,ema_outliers,16,0.07265156339275566,0.05438070983394362,0.0019021713301182435
29,4,recent,8,0.005814841681362344,0.005422077482396593,0.07263606179915431
29,4,cumulative,16,0.004900387285792092,0.005030517793487141,0.0005261062188020789
29,4,window,16,0.004883460229309238,0.005079791071300274,0.0006472679580485176
29,4,ema,16,0.004875423755167997,0.005063977352394935,0.000656711345792505
29,4,random,16,0.004437988022701821,0.005026001808558148,0.07276076432126946
29,4,ema_outliers,16,0.002718270860620766,0.002250661091337229,0.0008221976950403817
30,2,recent,8,0.1559351588727535,0.1406005287258657,0.3183773555389854
30,2,cumulative,16,0.1310062781224796,0.1303555710535563,0.00356140043677387
30,2,window,16,0.1327298462916477,0.13146723834430057,0.004564556610826051
30,2,ema,16,0.13262749679640468,0.13117812995544917,0.0038712485620229433
30,2,random,16,0.12454272938346855,0.13090013365366435,0.31878404298708635
30,2,ema_outliers,16,0.07314669374390179,0.05498275912351561,0.0018759618941154516
30,4,recent,8,0.0058091959239575655,0.0054162381575321794,0.07258080306164315
30,4,cumulative,16,0.004904367364130157,0.005028800149558616,0.0005137153973064015
30,4,window,16,0.004887618487189229,0.005077554761289504,0.0005954368843803613
30,4,ema,16,0.004879666607512632,0.0050619075025831696,0.000612035953122842
30,4,random,16,0.004725945808703887,0.0050565405736572285,0.07264189235424455
30,4,ema_outliers,16,0.002723754998290401,0.0022759937569398927,0.0008130717132203406
31,2,recent,8,0.15558465085484174,0.14064951400246017,0.31800517410315154
31,2,cumulative,16,0.13192729345043328,0.12989040787832387,0.0036506083944472965
31,2,window,16,0.13262106027978912,0.13161136206236967,0.004123001112411433
31,2,ema,16,0.13251977692512154,0.13132526521923546,0.0034233492963930447
31,2,random,16,0.13323988830088757,0.13279789063539046,0.31871799998689415
31,2,ema_outliers,16,0.07313355677268142,0.055083160645628286,0.0019699516004316325
31,4,recent,8,0.005855248245170191,0.005410967108013515,0.07256063621706738
31,4,cumulative,16,0.00496584629893214,0.004991892103615358,0.0005168598468684027
31,4,window,16,0.004943270573368193,0.005075811663815035,0.0005696110217216294
31,4,ema,16,0.004935401525771559,0.005060327397386891,0.0005851956489050054
31,4,random,16,0.004977406088330105,0.005102604569876158,0.07247057251949382
31,4,ema_outliers,16,0.002728077944749902,0.0022850661085474207,0.0007462723239847963
32,2,recent,8,0.15592080028062785,0.1440440873184653,0.342446659856882
32,2,cumulative,16,0.13250733315873905,0.13339589981416547,0.3421712692830055
32,2,window,16,0.1307071374516015,0.13481101187087843,0.342208183760463
32,2,ema,16,0.1330937085563687,0.13481596481135633,0.342465721865432
32,2,random,16,0.13238339077075634,0.13649241514430047,0.3363497533403399
32,2,ema_outliers,16,0.07354710484865093,0.055317209044781726,0.23158274482893781
32,4,recent,8,0.005845711269357899,0.00580506693926826,0.06521458951476035
32,4,cumulative,16,0.004965478415349106,0.005390312295740188,0.06512185455805232
32,4,window,16,0.004764297434127386,0.005450801884023575,0.06514032402599564
32,4,ema,16,0.004935347505829356,0.00545804207101923,0.06511989543550492
32,4,random,16,0.005173602533938887,0.0054547139166411344,0.06521994888020813
32,4,ema_outliers,16,0.002745264832920741,0.0022931458581086344,0.054460821830091696
33,2,recent,8,0.1563081981460696,0.14365272311629704,0.341394781872807
33,2,cumulative,16,0.13352092071499716,0.13351217522332476,0.015728205952707918
33,2,window,16,0.13298630119865032,0.13402343466535666,0.018801799073368115
33,2,ema,16,0.13353474699499587,0.1340040995679156,0.017925655312635697
33,2,random,16,0.13463709575114935,0.13446253876833641,0.33834053519285207
33,2,ema_outliers,16,0.07481826483117818,0.05553095327164778,0.006483815718426655
33,4,recent,8,0.0058559100158136,0.005780847247790282,0.06545327498382741
33,4,cumulative,16,0.005010835442713703,0.005405042042130278,0.002244174013243288
33,4,window,16,0.004963448795013994,0.005427098453086564,0.0013156821156806347
33,4,ema,16,0.00501778290023817,0.005415140413789421,0.001322322532656045
33,4,random,16,0.005064899696645672,0.005423006240886573,0.06497693678116762
33,4,ema_outliers,16,0.002854513393760944,0.002283184126924237,0.0013471778924533599
34,2,recent,8,0.15680723456950224,0.1435025539777299,0.3409768002329309
34,2,cumulative,16,0.13425013165793556,0.13346443586145437,0.014978676554514014
34,2,window,16,0.13461613324882524,0.13407686370414898,0.01030485830825145
34,2,ema,16,0.13449708090688728,0.13491362946751795,0.008938891300767934
34,2,random,16,0.12914445019990825,0.1344546520290849,0.3405782399498378
34,2,ema_outliers,16,0.07594584511554911,0.05589775388995715,0.004004362413759038
34,4,recent,8,0.0058716897206484014,0.005768534372949253,0.06525647337113656
34,4,cumulative,16,0.0050351512543474935,0.0053965251794676344,0.0015839892418561532
34,4,window,16,0.005034195673347846,0.005404757554244387,0.0010602289595506402
34,4,ema,16,0.0049972114345416515,0.005418872386928343,0.0010607852459635723
34,4,random,16,0.004933155730887616,0.0054256657872646975,0.06510217928534483
34,4,ema_outliers,16,0.002929202504542802,0.002280498309216398,0.001653149547090486
35,2,recent,8,0.15798823374315346,0.14364209541677497,0.34220164619417515
35,2,cumulative,16,0.13565670186070242,0.13370435848166218,0.014178649543580028
35,2,window,16,0.1353662379241046,0.1346653397110713,0.010548359152295017
35,2,ema,16,0.13715650808967336,0.1350563852870778,0.009467603890516211
35,2,random,16,0.13560320776680113,0.13549371648485525,0.34336641092231884
35,2,ema_outliers,16,0.07712332787387943,0.05633352041777799,0.005304595712092244
35,4,recent,8,0.005953950121171722,0.00576785961465422,0.06531318297034278
35,4,cumulative,16,0.005125777039533823,0.005399570513107417,0.002127025108404998
35,4,window,16,0.005072630496539665,0.00541139587974889,0.0012558886688738048
35,4,ema,16,0.005082473692792846,0.00542555375869656,0.0011520117138564567
35,4,random,16,0.005163886785400074,0.0054410503720452,0.06539609231300435
35,4,ema_outliers,16,0.0029392457639733018,0.0022864367393186772,0.0014250212901094654
36,2,recent,8,0.15868841458055602,0.14320481395148804,0.34558148594711696
36,2,cumulative,16,0.1365779869741689,0.13336547045137637,0.01303861102196946
36,2,window,16,0.13733726207038874,0.13435169071097777,0.009334646353692784
36,2,ema,16,0.13775449336803083,0.13470411085277798,0.009136768635420052
36,2,random,16,0.1412866970592289,0.1346686253415611,0.35154509948173224
36,2,ema_outliers,16,0.0778177314845352,0.05637933258260521,0.005631695164837692
36,4,recent,8,0.006003460586872303,0.005749782576685854,0.06528506920971514
36,4,cumulative,16,0.005183487238715967,0.00538513990188704,0.002246259400850877
36,4,window,16,0.005163628300077108,0.005399955998125001,0.0008753210195213449
36,4,ema,16,0.005146904003555081,0.005410865887618863,0.0010045709018876071
36,4,random,16,0.005364900813931852,0.005437289918308867,0.06567027504849984
36,4,ema_outliers,16,0.002971991778314297,0.002288659698580538,0.0014446546129159349
37,2,recent,8,0.1585736083231147,0.14306623700612187,0.34251261537434313
37,2,cumulative,16,0.1366799496148294,0.13332335765797207,0.012232793837123265
37,2,window,16,0.13678997609339616,0.13468447055035968,0.0067455744285388
37,2,ema,16,0.1378066495953037,0.13464887413386975,0.007302134321571069
37,2,random,16,0.13368410684746815,0.13499277408800003,0.33960613903431425
37,2,ema_outliers,16,0.07944127067613131,0.056473002224021546,0.005433202737769769
37,4,recent,8,0.006029309568549926,0.00574550319157809,0.06526194278025917
37,4,cumulative,16,0.005217375174787281,0.005384435444963578,0.0017114061774050702
37,4,window,16,0.005215044472418662,0.005411407494845965,0.0008948477585843603
37,4,ema,16,0.005182081696140968,0.005409909215149012,0.0007926276587751006
37,4,random,16,0.005015971588151583,0.005411878895674393,0.06508285622061556
37,4,ema_outliers,16,0.0030182648931357903,0.002280634540116401,0.001222962885612905
38,2,recent,8,0.15874611289512786,0.14259937431015843,0.34297103658480177
38,2,cumulative,16,0.13728274353829303,0.13340187754061666,0.014111728626641947
38,2,window,16,0.13727644814835183,0.13429898422775313,0.00701138361972129
38,2,ema,16,0.13828325103373598,0.13426373340753983,0.008400247605832682
38,2,random,16,0.1374313691696282,0.13504480488699766,0.3549832426152533
38,2,ema_outliers,16,0.07973706283492846,0.05651100193753924,0.00558372012094016
38,4,recent,8,0.006075307738374594,0.005740703696541916,0.0651223789245916
38,4,cumulative,16,0.005318890724471756,0.005397340219171948,0.0021383470884584906
38,4,window,16,0.005266241965331137,0.00540985164735088,0.001034972181259306
38,4,ema,16,0.005233599216007595,0.00540836791405875,0.000904555340680144
38,4,random,16,0.005230198886647876,0.00541393970657004,0.06493527294158004
38,4,ema_outliers,16,0.003022028033355932,0.0022814875196218915,0.001530924573484124
39,2,recent,8,0.15912694769782065,0.14256384175513945,0.3434105994598605
39,2,cumulative,16,0.13786995689249387,0.1334547824545356,0.01311041036926967
39,2,window,16,0.13785140892078981,0.1343432631158342,0.007753712240416803
39,2,ema,16,0.13847814124954083,0.13418626442850817,0.00646256588184321
39,2,random,16,0.13562447480216816,0.1299413563133247,0.34317742539324386
39,2,ema_outliers,16,0.08011143523921718,0.05637613233904901,0.005703633824779035
39,4,recent,8,0.006085609970640286,0.005733486701807378,0.06523968376749174
39,4,cumulative,16,0.005336466197255745,0.005393424796335198,0.002434566328374243
39,4,window,16,0.005281737547024121,0.005405815922320102,0.0011289321426087126
39,4,ema,16,0.005311461588911636,0.005395219145067435,0.0015711292125305952
39,4,random,16,0.005262593332337964,0.005304737690440847,0.06490460380172312
39,4,ema_outliers,16,0.003099359084862639,0.00227021277935737,0.0012348365707914686
40,2,recent,8,0.15761145295784137,0.14263662508075714,0.34322556650914426
40,2,cumulative,16,0.13655690968399392,0.13361431872587332,0.011543638120484407
40,2,window,16,0.13833510839906138,0.13447925953938195,0.0063120386642904446
40,2,ema,16,0.13715930180906902,0.13433883420485568,0.005805049085731116
40,2,random,16,0.14066148274099868,0.13002643733630231,0.3418755308881532
40,2,ema_outliers,16,0.07934846918931988,0.056422302814073164,0.005087708514523495
40,4,recent,8,0.00602765178044371,0.005729507869867378,0.0651107978937102
40,4,cumulative,16,0.005285642709662833,0.005392684649209219,0.0020701818052865895
40,4,window,16,0.005293307042757842,0.005413536941728533,0.001399375251434295
40,4,ema,16,0.005260876240445811,0.005394461908905911,0.0014164159570763503
40,4,random,16,0.005296504183314852,0.005312330888742977,0.06521719867645777
40,4,ema_outliers,16,0.0030698413792925186,0.0022757241304482293,0.0010750287583997464
41,2,recent,8,0.15612455245823914,0.14268880524246136,0.34318364794683986
41,2,cumulative,16,0.13593293286997246,0.13420459805110177,0.01872584620726704
41,2,window,16,0.1370300602066174,0.13460839597977842,0.006545201493352542
41,2,ema,16,0.13586534613162496,0.13446929541255898,0.006016780648106915
41,2,random,16,0.13588241840232143,0.12247348384940267,0.359318831290121
41,2,ema_outliers,16,0.07859989872526969,0.056345718618499845,0.005533181072072066
41,4,recent,8,0.005970787141005563,0.0057250244660052435,0.06512264816493776
41,4,cumulative,16,0.005223979499308874,0.005400126591949357,0.00188635500276578
41,4,window,16,0.005243370183863902,0.005412034395679028,0.0014516151831784655
41,4,ema,16,0.005211245332517077,0.005393139315996242,0.001489853632109143
41,4,random,16,0.005136714100989216,0.004866426875196447,0.065211469520382
41,4,ema_outliers,16,0.003040880611563344,0.0022739604822229254,0.0011585371532350055
42,2,recent,8,0.1552658238055077,0.1421690296025393,0.34340573490818876
42,2,cumulative,16,0.13526291094236503,0.13376411406717373,0.01692156421924378
42,2,window,16,0.1363497847524993,0.1341641381834328,0.00545066589334649
42,2,ema,16,0.13519595585577782,0.13402633762151453,0.005012999772540474
42,2,random,16,0.13714989614916032,0.12230696419357008,0.3551865707171473
42,2,ema_outliers,16,0.07786532023251017,0.05634006080687635,0.00551945063060536
42,4,recent,8,0.005935371726064147,0.005697472488228853,0.06512579648593293
42,4,cumulative,16,0.00519554359503752,0.00537561104290246,0.001646322714797262
42,4,window,16,0.005214753058241566,0.005387407558746807,0.001286288044072071
42,4,ema,16,0.00518292843915032,0.005368689068593767,0.0013871303360911654
42,4,random,16,0.005245263356631697,0.004891630462117535,0.06538939130152722
42,4,ema_outliers,16,0.0030124611665954624,0.0022711910989174455,0.001211102022989291
43,2,recent,8,0.15471577420710764,0.15075974170184606,0.3451501788867653
43,2,cumulative,16,0.13464433243806895,0.14280073976586072,0.009243754843582506
43,2,window,16,0.1359748836638493,0.1428289696477313,0.006609156238055504
43,2,ema,16,0.13483173836802337,0.1426924450169419,0.006201935193189083
43,2,random,16,0.13361924133459516,0.13176557895473084,0.3438083332756664
43,2,ema_outliers,16,0.07729961903781929,0.05650669920022327,0.005669386509885504
43,4,recent,8,0.005919847344563089,0.005903390148835391,0.06533468562683209
43,4,cumulative,16,0.005139236617891,0.005587882454939937,0.0011040798978867526
43,4,window,16,0.00520590107181294,0.0055961961909226235,0.0015117195935905187
43,4,ema,16,0.005174371125120687,0.0055776510201228525,0.0015071715032941452
43,4,random,16,0.00523549547191408,0.005116091717691718,0.06533081339555097
43,4,ema_outliers,16,0.0029993326492655367,0.0022817972161689537,0.001030590565976024
44,2,recent,8,0.1542843232769963,0.15027820244461534,0.3430637371328902
44,2,cumulative,16,0.13439702317556346,0.1423922188750152,0.00885072420088145
44,2,window,16,0.13571536750936417,0.14242018976714382,0.006341233737672152
44,2,ema,16,0.1345827097850596,0.14228491765590293,0.005919557548683703
44,2,random,16,0.13275469145709334,0.14225418037374332,0.33489489066334266
44,2,ema_outliers,16,0.07730102538656881,0.0564790148174156,0.004917049214401774
44,4,recent,8,0.00591211653705567,0.005876503199553463,0.06516696366088634
44,4,cumulative,16,0.005138667376683325,0.005563890071657049,0.0010291833681645745
44,4,window,16,0.005204720230110568,0.005572127534832557,0.0014163949928902098
44,4,ema,16,0.0051734795489843,0.005553752503214434,0.0014536853923509732
44,4,random,16,0.005133415005180585,0.005541210581734904,0.06489602132473835
44,4,ema_outliers,16,0.0029907075281327255,0.0022866867149480665,0.0010152207772059873
45,2,recent,8,0.1543373871235066,0.14976955781579013,0.34373450672312555
45,2,cumulative,16,0.13463088065935952,0.1419552650059136,0.008924020744512285
45,2,window,16,0.13593724004467111,0.1419829816172047,0.00604075462811009
45,2,ema,16,0.134369958747267,0.14207651400116814,0.006040492140439654
45,2,random,16,0.13359250989468383,0.1409068231813628,0.3438625826410195
45,2,ema_outliers,16,0.07626042898847732,0.05689512567833221,0.004120505057835182
45,4,recent,8,0.00590297118209388,0.0058624006483271734,0.06525684393584574
45,4,cumulative,16,0.005136553377724919,0.005552629457957091,0.001222787289101166
45,4,window,16,0.0052020057506664595,0.00556079203510373,0.001693329378763715
45,4,ema,16,0.00518556976135012,0.005547201044865642,0.0015382856963284737
45,4,random,16,0.005124694862938488,0.005522838316580736,0.06515367238027521
45,4,ema_outliers,16,0.002957295066459729,0.0022964125114419407,0.000729269176268166
46,2,recent,8,0.1537636187547418,0.14904075624102162,0.343284692556799
46,2,cumulative,16,0.1342346483848663,0.1412968624654683,0.007984935423758973
46,2,window,16,0.1355292387667066,0.14132432937755862,0.005650012754706973
46,2,ema,16,0.13397607712063048,0.14141701912743226,0.0055882915274836475
46,2,random,16,0.136219086394435,0.14187402171728702,0.3422731287464537
46,2,ema_outliers,16,0.07678026816874414,0.05668249491247541,0.0032452355392362494
46,4,recent,8,0.0059237195973461665,0.005828045985087248,0.06516468712728353
46,4,cumulative,16,0.00516420645788143,0.005521065526161941,0.0012695437502573798
46,4,window,16,0.005229069169805481,0.005529154566577529,0.0017087989509977537
46,4,ema,16,0.0052127812524649635,0.005515686017692937,0.00155317811700424
46,4,random,16,0.005190771304731409,0.005543443664305657,0.06511049455248744
46,4,ema_outliers,16,0.002966205487070447,0.0022934327979790632,0.0006844326257079813
47,2,recent,8,0.15362633712880971,0.14873109881676033,0.341623186413937
47,2,cumulative,16,0.13427173256580813,0.14105634694991734,0.010726825903500006
47,2,window,16,0.13555476410495343,0.14108356862172114,0.007268597652218466
47,2,ema,16,0.1340154699735744,0.14117543078454237,0.007232676200433651
47,2,random,16,0.1293507010242039,0.1407509621564981,0.3526266070017966
47,2,ema_outliers,16,0.07688138590538288,0.05685328537580348,0.002975275995978011
47,4,recent,8,0.005933948005432963,0.005813825810748486,0.06519417385792804
47,4,cumulative,16,0.0051812162332848756,0.005509586248777869,0.0015260093545882724
47,4,window,16,0.005245499813852463,0.005517603065618318,0.0018592908095745966
47,4,ema,16,0.005229357324345344,0.005504254771634481,0.0016959284691363866
47,4,random,16,0.005096622274346251,0.005468609474412327,0.06537127187378716
47,4,ema_outliers,16,0.0029729991746265234,0.0023006182261906976,0.0008006738193416728
