step,method,prompt_top8_jaccard
0,instant,
0,cumulative,
0,ema,
0,window,
1,instant,1.0
1,cumulative,1.0
1,ema,1.0
1,window,1.0
2,instant,0.7777777777777778
2,cumulative,1.0
2,ema,1.0
2,window,1.0
3,instant,0.6
3,cumulative,1.0
3,ema,1.0
3,window,1.0
4,instant,0.7777777777777778
4,cumulative,1.0
4,ema,1.0
4,window,1.0
5,instant,0.7777777777777778
5,cumulative,1.0
5,ema,1.0
5,window,1.0
6,instant,1.0
6,cumulative,1.0
6,ema,1.0
6,window,1.0
7,instant,0.7777777777777778
7,cumulative,1.0
7,ema,1.0
7,window,1.0
8,instant,0.6
8,cumulative,1.0
8,ema,1.0
8,window,1.0
9,instant,1.0
9,cumulative,1.0
9,ema,1.0
9,window,1.0
10,instant,0.7777777777777778
10,cumulative,1.0
10,ema,1.0
10,window,1.0
11,instant,1.0
11,cumulative,1.0
11,ema,1.0
11,window,1.0
12,instant,0.7777777777777778
12,cumulative,1.0
12,ema,1.0
12,window,1.0
13,instant,0.7777777777777778
13,cumulative,1.0
13,ema,1.0
13,window,1.0
14,instant,1.0
14,cumulative,1.0
14,ema,1.0
14,window,1.0
15,instant,1.0
15,cumulative,1.0
15,ema,1.0
15,window,1.0
16,instant,0.06666666666666667
16,cumulative,0.7777777777777778
16,ema,0.6
16,window,0.7777777777777778
17,instant,0.7777777777777778
17,cumulative,1.0
17,ema,0.7777777777777778
17,window,0.7777777777777778
18,instant,1.0
18,cumulative,1.0
18,ema,0.7777777777777778
18,window,1.0
19,instant,0.7777777777777778
19,cumulative,1.0
19,ema,1.0
19,window,0.7777777777777778
20,instant,1.0
20,cumulative,0.7777777777777778
20,ema,0.7777777777777778
20,window,1.0
21,instant,0.7777777777777778
21,cumulative,1.0
21,ema,1.0
21,window,0.7777777777777778
22,instant,0.6
22,cumulative,1.0
22,ema,0.7777777777777778
22,window,0.7777777777777778
23,instant,0.6
23,cumulative,0.7777777777777778
23,ema,1.0
23,window,0.6
24,instant,0.7777777777777778
24,cumulative,1.0
24,ema,0.7777777777777778
24,window,1.0
25,instant,0.7777777777777778
25,cumulative,1.0
25,ema,1.0
25,window,1.0
26,instant,0.7777777777777778
26,cumulative,1.0
26,ema,1.0
26,window,0.7777777777777778
27,instant,0.7777777777777778
27,cumulative,1.0
27,ema,1.0
27,window,0.7777777777777778
28,instant,1.0
28,cumulative,1.0
28,ema,1.0
28,window,1.0
29,instant,0.7777777777777778
29,cumulative,0.7777777777777778
29,ema,1.0
29,window,1.0
30,instant,1.0
30,cumulative,1.0
30,ema,1.0
30,window,1.0
31,instant,1.0
31,cumulative,1.0
31,ema,1.0
31,window,1.0
32,instant,0.06666666666666667
32,cumulative,0.7777777777777778
32,ema,0.3333333333333333
32,window,0.6
33,instant,0.7777777777777778
33,cumulative,1.0
33,ema,1.0
33,window,0.7777777777777778
34,instant,0.7777777777777778
34,cumulative,0.7777777777777778
34,ema,1.0
34,window,0.7777777777777778
35,instant,1.0
35,cumulative,0.7777777777777778
35,ema,1.0
35,window,0.7777777777777778
36,instant,0.7777777777777778
36,cumulative,1.0
36,ema,0.7777777777777778
36,window,1.0
37,instant,0.7777777777777778
37,cumulative,0.7777777777777778
37,ema,0.7777777777777778
37,window,0.7777777777777778
38,instant,1.0
38,cumulative,1.0
38,ema,1.0
38,window,0.7777777777777778
39,instant,1.0
39,cumulative,1.0
39,ema,1.0
39,window,0.7777777777777778
40,instant,1.0
40,cumulative,1.0
40,ema,1.0
40,window,1.0
41,instant,1.0
41,cumulative,1.0
41,ema,1.0
41,window,1.0
42,instant,0.7777777777777778
42,cumulative,1.0
42,ema,1.0
42,window,1.0
43,instant,0.7777777777777778
43,cumulative,1.0
43,ema,1.0
43,window,1.0
44,instant,0.7777777777777778
44,cumulative,1.0
44,ema,1.0
44,window,1.0
45,instant,0.7777777777777778
45,cumulative,1.0
45,ema,0.7777777777777778
45,window,1.0
46,instant,0.7777777777777778
46,cumulative,1.0
46,ema,1.0
46,window,1.0
47,instant,1.0
47,cumulative,1.0
47,ema,1.0
47,window,1.0
