bits,policy,steps,mean_relative_output_error,mean_protected_tokens
2,recent,47,0.32191691110256115,8.0
2,cumulative,47,0.021230757096102663,16.0
2,window,47,0.01951458379067177,16.0
2,ema,47,0.019178320090953525,16.0
2,random,47,0.3166510273616074,16.0
2,ema_outliers,47,0.013663977348168684,16.0
4,recent,47,0.06629832747694893,8.0
4,cumulative,47,0.003924811013419948,16.0
4,window,47,0.0037796797729919207,16.0
4,ema,47,0.0037686937769104423,16.0
4,random,47,0.06502491070472165,16.0
4,ema_outliers,47,0.0029675633248605437,16.0
